IP地址,端口,TLS,数据中心,地区,城市,网络延迟,下载速度
103.184.45.99,443,true,LAX,North America,Los Angeles,277 ms,270 kB/s
103.184.45.201,443,true,LAX,North America,Los Angeles,282 ms,200 kB/s
103.184.45.200,443,true,LAX,North America,Los Angeles,295 ms,191 kB/s
103.184.45.33,443,true,LAX,North America,Los Angeles,284 ms,182 kB/s
103.184.45.213,443,true,LAX,North America,Los Angeles,291 ms,172 kB/s
103.184.45.116,443,true,LAX,North America,Los Angeles,274 ms,171 kB/s
103.184.45.226,443,true,LAX,North America,Los Angeles,281 ms,163 kB/s
103.184.44.65,443,true,LAX,North America,Los Angeles,283 ms,157 kB/s
103.184.45.174,443,true,LAX,North America,Los Angeles,278 ms,154 kB/s
103.184.45.93,443,true,LAX,North America,Los Angeles,275 ms,134 kB/s
103.184.45.151,443,true,LAX,North America,Los Angeles,298 ms,128 kB/s
103.184.45.34,443,true,LAX,North America,Los Angeles,275 ms,120 kB/s
103.184.45.57,443,true,LAX,North America,Los Angeles,273 ms,118 kB/s
103.184.45.5,443,true,LAX,North America,Los Angeles,285 ms,114 kB/s
103.184.44.114,443,true,LAX,North America,Los Angeles,291 ms,100 kB/s
103.184.44.82,443,true,LAX,North America,Los Angeles,310 ms,93 kB/s
103.184.45.197,443,true,LAX,North America,Los Angeles,294 ms,85 kB/s
103.184.45.41,443,true,LAX,North America,Los Angeles,303 ms,77 kB/s
103.184.45.17,443,true,LAX,North America,Los Angeles,301 ms,64 kB/s
103.184.45.61,443,true,LAX,North America,Los Angeles,268 ms,61 kB/s
103.184.45.88,443,true,LAX,North America,Los Angeles,297 ms,51 kB/s
103.184.44.113,443,true,LAX,North America,Los Angeles,306 ms,35 kB/s
103.184.44.74,443,true,LAX,North America,Los Angeles,296 ms,32 kB/s
103.184.45.75,443,true,LAX,North America,Los Angeles,269 ms,15 kB/s
103.184.45.252,443,true,LAX,North America,Los Angeles,308 ms,15 kB/s
103.184.45.45,443,true,LAX,North America,Los Angeles,302 ms,0 kB/s
103.184.45.7,443,true,LAX,North America,Los Angeles,281 ms,0 kB/s
103.184.45.134,443,true,LAX,North America,Los Angeles,279 ms,0 kB/s
103.184.45.35,443,true,LAX,North America,Los Angeles,270 ms,0 kB/s
103.184.45.185,443,true,LAX,North America,Los Angeles,284 ms,0 kB/s
103.184.45.51,443,true,LAX,North America,Los Angeles,305 ms,0 kB/s
103.184.45.202,443,true,LAX,North America,Los Angeles,281 ms,0 kB/s
103.184.45.242,443,true,LAX,North America,Los Angeles,281 ms,0 kB/s
103.184.45.87,443,true,LAX,North America,Los Angeles,270 ms,0 kB/s
103.184.45.162,443,true,LAX,North America,Los Angeles,276 ms,0 kB/s
103.184.45.251,443,true,LAX,North America,Los Angeles,279 ms,0 kB/s
103.184.45.79,443,true,LAX,North America,Los Angeles,279 ms,0 kB/s
103.184.45.8,443,true,LAX,North America,Los Angeles,284 ms,0 kB/s
103.184.45.156,443,true,LAX,North America,Los Angeles,300 ms,0 kB/s
103.184.45.195,443,true,LAX,North America,Los Angeles,290 ms,0 kB/s
103.184.45.150,443,true,LAX,North America,Los Angeles,296 ms,0 kB/s
103.184.45.253,443,true,LAX,North America,Los Angeles,298 ms,0 kB/s
103.184.45.237,443,true,LAX,North America,Los Angeles,304 ms,0 kB/s
103.184.45.177,443,true,LAX,North America,Los Angeles,326 ms,0 kB/s
103.184.44.117,443,true,LAX,North America,Los Angeles,280 ms,0 kB/s
103.184.45.6,443,true,LAX,North America,Los Angeles,312 ms,0 kB/s
103.184.45.71,443,true,LAX,North America,Los Angeles,279 ms,0 kB/s
103.184.45.120,443,true,LAX,North America,Los Angeles,298 ms,0 kB/s
103.184.45.175,443,true,LAX,North America,Los Angeles,272 ms,0 kB/s
103.184.45.221,443,true,LAX,North America,Los Angeles,274 ms,0 kB/s
103.184.45.217,443,true,LAX,North America,Los Angeles,276 ms,0 kB/s
103.184.45.31,443,true,LAX,North America,Los Angeles,274 ms,0 kB/s
103.184.45.189,443,true,LAX,North America,Los Angeles,282 ms,0 kB/s
103.184.45.59,443,true,LAX,North America,Los Angeles,302 ms,0 kB/s
103.184.45.187,443,true,LAX,North America,Los Angeles,288 ms,0 kB/s
103.184.45.169,443,true,LAX,North America,Los Angeles,298 ms,0 kB/s
103.184.45.158,443,true,LAX,North America,Los Angeles,291 ms,0 kB/s
103.184.45.49,443,true,LAX,North America,Los Angeles,300 ms,0 kB/s
103.184.45.36,443,true,LAX,North America,Los Angeles,302 ms,0 kB/s
103.184.45.224,443,true,LAX,North America,Los Angeles,305 ms,0 kB/s
103.184.45.86,443,true,LAX,North America,Los Angeles,281 ms,0 kB/s
103.184.45.118,443,true,LAX,North America,Los Angeles,303 ms,0 kB/s
103.184.45.83,443,true,LAX,North America,Los Angeles,277 ms,0 kB/s
103.184.44.83,443,true,LAX,North America,Los Angeles,311 ms,0 kB/s
103.184.45.69,443,true,LAX,North America,Los Angeles,304 ms,0 kB/s
103.184.44.187,443,true,LAX,North America,Los Angeles,320 ms,0 kB/s
103.184.45.23,443,true,LAX,North America,Los Angeles,292 ms,0 kB/s
103.184.45.56,443,true,LAX,North America,Los Angeles,271 ms,0 kB/s
103.184.45.124,443,true,LAX,North America,Los Angeles,282 ms,0 kB/s
103.184.45.207,443,true,LAX,North America,Los Angeles,291 ms,0 kB/s
103.184.45.64,443,true,LAX,North America,Los Angeles,274 ms,0 kB/s
103.184.44.190,443,true,LAX,North America,Los Angeles,268 ms,0 kB/s
103.184.45.12,443,true,LAX,North America,Los Angeles,290 ms,0 kB/s
103.184.44.118,443,true,LAX,North America,Los Angeles,310 ms,0 kB/s
103.184.45.43,443,true,LAX,North America,Los Angeles,287 ms,0 kB/s
103.184.45.60,443,true,LAX,North America,Los Angeles,283 ms,0 kB/s
103.184.45.82,443,true,LAX,North America,Los Angeles,282 ms,0 kB/s
103.184.45.44,443,true,LAX,North America,Los Angeles,296 ms,0 kB/s
103.184.45.108,443,true,LAX,North America,Los Angeles,296 ms,0 kB/s
103.184.45.105,443,true,LAX,North America,Los Angeles,285 ms,0 kB/s
103.184.45.97,443,true,LAX,North America,Los Angeles,303 ms,0 kB/s
103.184.45.109,443,true,LAX,North America,Los Angeles,269 ms,0 kB/s
103.184.44.86,443,true,LAX,North America,Los Angeles,286 ms,0 kB/s
103.184.44.63,443,true,LAX,North America,Los Angeles,306 ms,0 kB/s
103.184.45.190,443,true,LAX,North America,Los Angeles,274 ms,0 kB/s
103.184.45.178,443,true,LAX,North America,Los Angeles,299 ms,0 kB/s
103.184.45.127,443,true,LAX,North America,Los Angeles,296 ms,0 kB/s
103.184.45.121,443,true,LAX,North America,Los Angeles,279 ms,0 kB/s
103.184.45.214,443,true,LAX,North America,Los Angeles,317 ms,0 kB/s
103.184.44.188,443,true,LAX,North America,Los Angeles,276 ms,0 kB/s
103.184.45.125,443,true,LAX,North America,Los Angeles,301 ms,0 kB/s
103.184.45.171,443,true,LAX,North America,Los Angeles,282 ms,0 kB/s
103.184.45.239,443,true,LAX,North America,Los Angeles,268 ms,0 kB/s
103.184.45.243,443,true,LAX,North America,Los Angeles,269 ms,0 kB/s
103.184.45.192,443,true,LAX,North America,Los Angeles,303 ms,0 kB/s
103.184.45.248,443,true,LAX,North America,Los Angeles,297 ms,0 kB/s
103.184.45.186,443,true,LAX,North America,Los Angeles,309 ms,0 kB/s
103.184.45.188,443,true,LAX,North America,Los Angeles,279 ms,0 kB/s
103.184.45.227,443,true,LAX,North America,Los Angeles,299 ms,0 kB/s
103.184.45.193,443,true,LAX,North America,Los Angeles,285 ms,0 kB/s
103.184.45.154,443,true,LAX,North America,Los Angeles,277 ms,0 kB/s
103.184.45.183,443,true,LAX,North America,Los Angeles,287 ms,0 kB/s
103.184.45.58,443,true,LAX,North America,Los Angeles,293 ms,0 kB/s
103.184.45.19,443,true,LAX,North America,Los Angeles,282 ms,0 kB/s
103.184.45.254,443,true,LAX,North America,Los Angeles,314 ms,0 kB/s
103.184.44.56,443,true,LAX,North America,Los Angeles,287 ms,0 kB/s
103.184.45.106,443,true,LAX,North America,Los Angeles,288 ms,0 kB/s
103.184.45.114,443,true,LAX,North America,Los Angeles,277 ms,0 kB/s
103.184.45.21,443,true,LAX,North America,Los Angeles,307 ms,0 kB/s
103.184.45.155,443,true,LAX,North America,Los Angeles,305 ms,0 kB/s
103.184.44.55,443,true,LAX,North America,Los Angeles,279 ms,0 kB/s
103.184.45.70,443,true,LAX,North America,Los Angeles,303 ms,0 kB/s
103.184.45.107,443,true,LAX,North America,Los Angeles,273 ms,0 kB/s
103.184.45.216,443,true,LAX,North America,Los Angeles,266 ms,0 kB/s
103.184.45.28,443,true,LAX,North America,Los Angeles,298 ms,0 kB/s
103.184.45.65,443,true,LAX,North America,Los Angeles,321 ms,0 kB/s
103.184.45.32,443,true,LAX,North America,Los Angeles,294 ms,0 kB/s
103.184.45.123,443,true,LAX,North America,Los Angeles,306 ms,0 kB/s
103.184.45.117,443,true,LAX,North America,Los Angeles,307 ms,0 kB/s
27.50.49.115,443,true,LAX,North America,Los Angeles,278 ms,0 kB/s
103.184.45.225,443,true,LAX,North America,Los Angeles,279 ms,0 kB/s
103.184.45.218,443,true,LAX,North America,Los Angeles,293 ms,0 kB/s
103.184.45.74,443,true,LAX,North America,Los Angeles,285 ms,0 kB/s
103.184.44.87,443,true,LAX,North America,Los Angeles,277 ms,0 kB/s
103.184.45.72,443,true,LAX,North America,Los Angeles,276 ms,0 kB/s
103.184.44.135,443,true,LAX,North America,Los Angeles,292 ms,0 kB/s
47.102.110.32,443,true,SJC,North America,San Jose,30 ms,0 kB/s
